Nome;Classe;Bolsa / Fonte;Tipo de Ativo;"Ativo /
Cancelado";Código;Subsetor Bovespa
3r Petroleum;ON;Bovespa;Ação;ativo;RRRP3;Petróleo, Gás e Biocombustíveis
3tentos;ON;Bovespa;Ação;ativo;TTEN3;Agropecuária
524 Particip;ON;Bovespa;Ação;ativo;QVQP3;Outros
Abc Brasil;PN;Bovespa;Ação;ativo;ABCB4;Intermediários Financeiros
Aco Altona;ON;Bovespa;Ação;ativo;EALT3;Máquinas e Equipamentos
Aco Altona;PN;Bovespa;Ação;ativo;EALT4;Máquinas e Equipamentos
Aeris;ON;Bovespa;Ação;ativo;AERI3;Máquinas e Equipamentos
AES Brasil;ON;Bovespa;Ação;ativo;AESB3;Energia Elétrica
Aesoperacoes;ON;Bovespa;Ação;ativo;AESO3;Energia Elétrica
Afluente T;ON;Bovespa;Ação;ativo;AFLT3;Energia Elétrica
Agribrasil;ON;Bovespa;Ação;ativo;GRAO3;Agropecuária
Agrogalaxy;ON;Bovespa;Ação;ativo;AGXY3;Agropecuária
Alfa Consorc;ON;Bovespa;Ação;ativo;BRGE3;Previdência e Seguros
Alfa Consorc;PNA;Bovespa;Ação;ativo;BRGE5;Previdência e Seguros
Alfa Consorc;PNB;Bovespa;Ação;ativo;BRGE6;Previdência e Seguros
Alfa Consorc;PNC;Bovespa;Ação;ativo;BRGE7;Previdência e Seguros
Alfa Consorc;PND;Bovespa;Ação;ativo;BRGE8;Previdência e Seguros
Alfa Consorc;PNE;Bovespa;Ação;ativo;BRGE11;Previdência e Seguros
Alfa Consorc;PNF;Bovespa;Ação;ativo;BRGE12;Previdência e Seguros
Alfa Financ;ON;Bovespa;Ação;ativo;CRIV3;Intermediários Financeiros
Alfa Financ;PN;Bovespa;Ação;ativo;CRIV4;Intermediários Financeiros
Alfa Holding;ON;Bovespa;Ação;ativo;RPAD3;Intermediários Financeiros
Alfa Holding;PNA;Bovespa;Ação;ativo;RPAD5;Intermediários Financeiros
Alfa Holding;PNB;Bovespa;Ação;ativo;RPAD6;Intermediários Financeiros
Alfa Invest;ON;Bovespa;Ação;ativo;BRIV3;Intermediários Financeiros
Alfa Invest;PN;Bovespa;Ação;ativo;BRIV4;Intermediários Financeiros
Aliperti;ON;Bovespa;Ação;ativo;APTI3;Agropecuária
Aliperti;PN;Bovespa;Ação;ativo;APTI4;Agropecuária
All Norte;ON;Bovespa;Ação;ativo;FRRN3B;Transporte
All Norte;PNA;Bovespa;Ação;ativo;FRRN5B;Transporte
All Norte;PNB;Bovespa;Ação;ativo;FRRN6B;Transporte
Alliar;ON;Bovespa;Ação;ativo;AALR3;Serviços Médico - Hospitalares, Análises e Diagnósticos
Allied;ON;Bovespa;Ação;ativo;ALLD3;Comércio Varejista
Allos;ON;Bovespa;Ação;ativo;ALOS3;Outros
Alpargatas;ON;Bovespa;Ação;ativo;ALPA3;Tecidos, Vestuário e Calçados
Alpargatas;PN;Bovespa;Ação;ativo;ALPA4;Tecidos, Vestuário e Calçados
Alper S.A.;ON;Bovespa;Ação;ativo;APER3;Previdência e Seguros
Alphaville;ON;Bovespa;Ação;ativo;AVLL3;Construção Civil
Alupar;ON;Bovespa;Ação;ativo;ALUP3;Energia Elétrica
Alupar;PN;Bovespa;Ação;ativo;ALUP4;Energia Elétrica
Alupar;UNT N2;Bovespa;Ação;ativo;ALUP11;Energia Elétrica
Amazonia;ON;Bovespa;Ação;ativo;BAZA3;Intermediários Financeiros
Ambev S/A;ON;Bovespa;Ação;ativo;ABEV3;Bebidas
Ambipar;ON;Bovespa;Ação;ativo;AMBP3;Água e Saneamento
Americanas;ON;Bovespa;Ação;ativo;AMER3;Comércio Varejista
Ampla Energ;ON;Bovespa;Ação;ativo;CBEE3;Energia Elétrica
Anima;ON;Bovespa;Ação;ativo;ANIM3;Diversos
Arezzo Co;ON;Bovespa;Ação;ativo;ARZZ3;Comércio Varejista
Armac;ON;Bovespa;Ação;ativo;ARML3;Máquinas e Equipamentos
Assai;ON;Bovespa;Ação;ativo;ASAI3;Comércio e Distribuição
Atmasa;ON;Bovespa;Ação;ativo;ATMP3;Serviços Diversos
Atompar;ON;Bovespa;Ação;ativo;ATOM3;Outros
Aura 360;ON;Bovespa;Ação;ativo;AURA33;Mineração
Auren;ON;Bovespa;Ação;ativo;AURE3;Energia Elétrica
Azevedo;ON;Bovespa;Ação;ativo;AZEV3;Construção e Engenharia
Azevedo;PN;Bovespa;Ação;ativo;AZEV4;Construção e Engenharia
Azul;PN;Bovespa;Ação;ativo;AZUL4;Transporte
B3;ON;Bovespa;Ação;ativo;B3SA3;Serviços Financeiros Diversos
Bahema;ON;Bovespa;Ação;ativo;BAHI3;Diversos
Banco BMG;PN;Bovespa;Ação;ativo;BMGB4;Intermediários Financeiros
Banco Pan;PN;Bovespa;Ação;ativo;BPAN4;Intermediários Financeiros
Banese;ON;Bovespa;Ação;ativo;BGIP3;Intermediários Financeiros
Banese;PN;Bovespa;Ação;ativo;BGIP4;Intermediários Financeiros
Banestes;ON;Bovespa;Ação;ativo;BEES3;Intermediários Financeiros
Banestes;PN;Bovespa;Ação;ativo;BEES4;Intermediários Financeiros
Banpara;ON;Bovespa;Ação;ativo;BPAR3;Intermediários Financeiros
Banrisul;ON;Bovespa;Ação;ativo;BRSR3;Intermediários Financeiros
Banrisul;PNA;Bovespa;Ação;ativo;BRSR5;Intermediários Financeiros
Banrisul;PNB;Bovespa;Ação;ativo;BRSR6;Intermediários Financeiros
Bardella;ON;Bovespa;Ação;ativo;BDLL3;Máquinas e Equipamentos
Bardella;PN;Bovespa;Ação;ativo;BDLL4;Máquinas e Equipamentos
Baumer;ON;Bovespa;Ação;ativo;BALM3;Equipamentos
Baumer;PN;Bovespa;Ação;ativo;BALM4;Equipamentos
Bbmlogistica;ON;Bovespa;Ação;ativo;BBML3;Serviços Diversos
BBSeguridade;ON;Bovespa;Ação;ativo;BBSE3;Previdência e Seguros
Bemobi Tech;ON;Bovespa;Ação;ativo;BMOB3;Programas e Serviços
Betapart;ON;Bovespa;Ação;ativo;BETP3;Outros
Bic Monark;ON;Bovespa;Ação;ativo;BMKS3;Viagens e Lazer
Biomm;ON;Bovespa;Ação;ativo;BIOM3;Medicamentos e Outros Produtos
Blau;ON;Bovespa;Ação;ativo;BLAU3;Comércio e Distribuição
Boa Safra;ON;Bovespa;Ação;ativo;SOJA3;Agropecuária
Bombril;ON;Bovespa;Ação;ativo;BOBR3;Produtos de Cuidado Pessoal e de Limpeza
Bombril;PN;Bovespa;Ação;ativo;BOBR4;Produtos de Cuidado Pessoal e de Limpeza
BR Partners;UNT N2;Bovespa;Ação;ativo;BRBI11;Intermediários Financeiros
BR Propert;ON;Bovespa;Ação;ativo;BRPR3;Exploração de Imóveis
Bradesco;ON;Bovespa;Ação;ativo;BBDC3;Intermediários Financeiros
Bradesco;PN;Bovespa;Ação;ativo;BBDC4;Intermediários Financeiros
Bradespar;ON;Bovespa;Ação;ativo;BRAP3;Mineração
Bradespar;PN;Bovespa;Ação;ativo;BRAP4;Mineração
Brasil;ON;Bovespa;Ação;ativo;BBAS3;Intermediários Financeiros
Brasilagro;ON;Bovespa;Ação;ativo;AGRO3;Agropecuária
Braskem;ON;Bovespa;Ação;ativo;BRKM3;Químicos
Braskem;PNA;Bovespa;Ação;ativo;BRKM5;Químicos
Braskem;PNB;Bovespa;Ação;ativo;BRKM6;Químicos
BRB Banco;ON;Bovespa;Ação;ativo;BSLI3;Intermediários Financeiros
BRB Banco;PN;Bovespa;Ação;ativo;BSLI4;Intermediários Financeiros
BRF SA;ON;Bovespa;Ação;ativo;BRFS3;Alimentos Processados
Brisanet;ON;Bovespa;Ação;ativo;BRIT3;Telecomunicações
Brq;ON;Bovespa;Ação;ativo;BRQB3;Programas e Serviços
Btgp Banco;ON;Bovespa;Ação;ativo;BPAC3;Intermediários Financeiros
Btgp Banco;PNA;Bovespa;Ação;ativo;BPAC5;Intermediários Financeiros
Btgp Banco;UNT;Bovespa;Ação;ativo;BPAC11;Intermediários Financeiros
Cabinda Part;ON;Bovespa;Ação;ativo;CABI3;Outros
Caixa Seguri;ON;Bovespa;Ação;ativo;CXSE3;Previdência e Seguros
Cambuci;ON;Bovespa;Ação;ativo;CAMB3;Tecidos, Vestuário e Calçados
Camil;ON;Bovespa;Ação;ativo;CAML3;Alimentos Processados
Carrefour BR;ON;Bovespa;Ação;ativo;CRFB3;Comércio e Distribuição
Casan;ON;Bovespa;Ação;ativo;CASN3;Água e Saneamento
Casan;PN;Bovespa;Ação;ativo;CASN4;Água e Saneamento
Casas Bahia;ON;Bovespa;Ação;ativo;BHIA3;Comércio
Cba;ON;Bovespa;Ação;ativo;CBAV3;Mineração
CCR SA;ON;Bovespa;Ação;ativo;CCRO3;Transporte
Cea Modas;ON;Bovespa;Ação;ativo;CEAB3;Comércio Varejista
Ceb;ON;Bovespa;Ação;ativo;CEBR3;Energia Elétrica
Ceb;PNA;Bovespa;Ação;ativo;CEBR5;Energia Elétrica
Ceb;PNB;Bovespa;Ação;ativo;CEBR6;Energia Elétrica
Cedro;ON;Bovespa;Ação;ativo;CEDO3;Tecidos, Vestuário e Calçados
Cedro;PN;Bovespa;Ação;ativo;CEDO4;Tecidos, Vestuário e Calçados
Ceee-D;ON;Bovespa;Ação;ativo;CEED3;Energia Elétrica
Ceee-D;PN;Bovespa;Ação;ativo;CEED4;Energia Elétrica
Ceee-G;ON;Bovespa;Ação;ativo;CGEE3;Energia Elétrica
Ceee-G;PN;Bovespa;Ação;ativo;CGEE4;Energia Elétrica
Ceg;ON;Bovespa;Ação;ativo;CEGR3;Gás
Celesc;ON;Bovespa;Ação;ativo;CLSC3;Energia Elétrica
Celesc;PN;Bovespa;Ação;ativo;CLSC4;Energia Elétrica
Celgpar;ON;Bovespa;Ação;ativo;GPAR3;Energia Elétrica
Cemepe;ON;Bovespa;Ação;ativo;MAPT3;Outros
Cemepe;PN;Bovespa;Ação;ativo;MAPT4;Outros
Cemig;ON;Bovespa;Ação;ativo;CMIG3;Energia Elétrica
Cemig;PN;Bovespa;Ação;ativo;CMIG4;Energia Elétrica
Cielo;ON;Bovespa;Ação;ativo;CIEL3;Serviços Financeiros Diversos
Cims;ON;Bovespa;Ação;ativo;CMSA3;Outros
Cims;PN;Bovespa;Ação;ativo;CMSA4;Outros
Clearsale;ON;Bovespa;Ação;ativo;CLSA3;Serviços Financeiros Diversos
Coelba;ON;Bovespa;Ação;ativo;CEEB3;Energia Elétrica
Coelba;PNA;Bovespa;Ação;ativo;CEEB5;Energia Elétrica
Coelba;PNB;Bovespa;Ação;ativo;CEEB6;Energia Elétrica
Coelce;ON;Bovespa;Ação;ativo;COCE3;Energia Elétrica
Coelce;PNA;Bovespa;Ação;ativo;COCE5;Energia Elétrica
Coelce;PNB;Bovespa;Ação;ativo;COCE6;Energia Elétrica
Cogna ON;ON;Bovespa;Ação;ativo;COGN3;Diversos
Comerc;ON;Bovespa;Ação;ativo;COMR3;Energia Elétrica
Comgas;ON;Bovespa;Ação;ativo;CGAS3;Gás
Comgas;PNA;Bovespa;Ação;ativo;CGAS5;Gás
Compass Gas;ON;Bovespa;Ação;ativo;PASS3;Gás
Compass Gas;PNB;Bovespa;Ação;ativo;PASS6;Gás
Conc Rio Ter;ON;Bovespa;Ação;ativo;CRTE3;Transporte
Conc Rio Ter;PNA;Bovespa;Ação;ativo;CRTE5;Transporte
Const A Lind;ON;Bovespa;Ação;ativo;CALI3;Construção Civil
Copasa;ON;Bovespa;Ação;ativo;CSMG3;Água e Saneamento
Copel;ON;Bovespa;Ação;ativo;CPLE3;Energia Elétrica
Copel;PNA;Bovespa;Ação;ativo;CPLE5;Energia Elétrica
Copel;PNB;Bovespa;Ação;ativo;CPLE6;Energia Elétrica
Copel;UNT;Bovespa;Ação;ativo;CPLE11;Energia Elétrica
Cor Ribeiro;ON;Bovespa;Ação;ativo;CORR3;Exploração de Imóveis
Cor Ribeiro;PN;Bovespa;Ação;ativo;CORR4;Exploração de Imóveis
Cosan;ON;Bovespa;Ação;ativo;CSAN3;Petróleo, Gás e Biocombustíveis
Cosern;ON;Bovespa;Ação;ativo;CSRN3;Energia Elétrica
Cosern;PNA;Bovespa;Ação;ativo;CSRN5;Energia Elétrica
Cosern;PNB;Bovespa;Ação;ativo;CSRN6;Energia Elétrica
Coteminas;ON;Bovespa;Ação;ativo;CTNM3;Tecidos, Vestuário e Calçados
Coteminas;PN;Bovespa;Ação;ativo;CTNM4;Tecidos, Vestuário e Calçados
CPFL Energia;ON;Bovespa;Ação;ativo;CPFE3;Energia Elétrica
Cristal;ON;Bovespa;Ação;ativo;CRPG3;Químicos
Cristal;PNA;Bovespa;Ação;ativo;CRPG5;Químicos
Cristal;PNB;Bovespa;Ação;ativo;CRPG6;Químicos
Cruzeiro Edu;ON;Bovespa;Ação;ativo;CSED3;Diversos
Csn Mineracao;ON;Bovespa;Ação;ativo;CMIN3;Mineração
Csu Digital;ON;Bovespa;Ação;ativo;CSUD3;Serviços Financeiros Diversos
Ctc S.A.;ON;Bovespa;Ação;ativo;CTCA3;Agropecuária
Cury S/A;ON;Bovespa;Ação;ativo;CURY3;Construção Civil
Cvc Brasil;ON;Bovespa;Ação;ativo;CVCB3;Viagens e Lazer
Cyrela Realt;ON;Bovespa;Ação;ativo;CYRE3;Construção Civil
D1000vfarma;ON;Bovespa;Ação;ativo;DMVF3;Comércio e Distribuição
Dasa;ON;Bovespa;Ação;ativo;DASA3;Serviços Médico - Hospitalares, Análises e Diagnósticos
Desktopsigma;ON;Bovespa;Ação;ativo;DESK3;Telecomunicações
Dexco;ON;Bovespa;Ação;ativo;DXCO3;Madeira e Papel
Dexxos Par;ON;Bovespa;Ação;ativo;DEXP3;Químicos
Dexxos Par;PN;Bovespa;Ação;ativo;DEXP4;Químicos
Dimed;ON;Bovespa;Ação;ativo;PNVL3;Comércio e Distribuição
Direcional;ON;Bovespa;Ação;ativo;DIRR3;Construção Civil
Dmfinanceira;ON;Bovespa;Ação;ativo;DMFN3;Intermediários Financeiros
Dohler;ON;Bovespa;Ação;ativo;DOHL3;Tecidos, Vestuário e Calçados
Dohler;PN;Bovespa;Ação;ativo;DOHL4;Tecidos, Vestuário e Calçados
Dotz SA;ON;Bovespa;Ação;ativo;DOTZ3;Diversos
Dtcom Direct;ON;Bovespa;Ação;ativo;DTCY3;Serviços Diversos
Dtcom Direct;PN;Bovespa;Ação;ativo;DTCY4;Serviços Diversos
Ecorodovias;ON;Bovespa;Ação;ativo;ECOR3;Transporte
Elektro;ON;Bovespa;Ação;ativo;EKTR3;Energia Elétrica
Elektro;PN;Bovespa;Ação;ativo;EKTR4;Energia Elétrica
Eletrobras;ON;Bovespa;Ação;ativo;ELET3;Energia Elétrica
Eletrobras;PNA;Bovespa;Ação;ativo;ELET5;Energia Elétrica
Eletrobras;PNB;Bovespa;Ação;ativo;ELET6;Energia Elétrica
Eletromidia;ON;Bovespa;Ação;ativo;ELMD3;Mídia
Eletropar;ON;Bovespa;Ação;ativo;LIPR3;Energia Elétrica
Emae;ON;Bovespa;Ação;ativo;EMAE3;Energia Elétrica
Emae;PN;Bovespa;Ação;ativo;EMAE4;Energia Elétrica
Embpar S/A;ON;Bovespa;Ação;ativo;EPAR3;Comércio
Embraer;ON;Bovespa;Ação;ativo;EMBR3;Material de Transporte
Enauta Part;ON;Bovespa;Ação;ativo;ENAT3;Petróleo, Gás e Biocombustíveis
Energias BR;ON;Bovespa;Ação;ativo;ENBR3;Energia Elétrica
Energisa;ON;Bovespa;Ação;ativo;ENGI3;Energia Elétrica
Energisa;PN;Bovespa;Ação;ativo;ENGI4;Energia Elétrica
Energisa;UNT N2;Bovespa;Ação;ativo;ENGI11;Energia Elétrica
Energisa Mt;ON;Bovespa;Ação;ativo;ENMT3;Energia Elétrica
Energisa Mt;PN;Bovespa;Ação;ativo;ENMT4;Energia Elétrica
Eneva;ON;Bovespa;Ação;ativo;ENEV3;Energia Elétrica
Engie Brasil;ON;Bovespa;Ação;ativo;EGIE3;Energia Elétrica
Enjoei;ON;Bovespa;Ação;ativo;ENJU3;Programas e Serviços
Eqtl Maranhao;ON;Bovespa;Ação;ativo;EQMA3B;Energia Elétrica
Eqtl Maranhao;PNA;Bovespa;Ação;ativo;EQMA5B;Energia Elétrica
Eqtl Maranhao;PNB;Bovespa;Ação;ativo;EQMA6B;Energia Elétrica
Eqtl Para;ON;Bovespa;Ação;ativo;EQPA3;Energia Elétrica
Eqtl Para;PNA;Bovespa;Ação;ativo;EQPA5;Energia Elétrica
Eqtl Para;PNB;Bovespa;Ação;ativo;EQPA6;Energia Elétrica
Eqtl Para;PNC;Bovespa;Ação;ativo;EQPA7;Energia Elétrica
Equatorial;ON;Bovespa;Ação;ativo;EQTL3;Energia Elétrica
Espacolaser;ON;Bovespa;Ação;ativo;ESPA3;Comércio Varejista
Estapar;ON;Bovespa;Ação;ativo;ALPK3;Serviços Diversos
Estrela;ON;Bovespa;Ação;ativo;ESTR3;Viagens e Lazer
Estrela;PN;Bovespa;Ação;ativo;ESTR4;Viagens e Lazer
Eternit;ON;Bovespa;Ação;ativo;ETER3;Construção e Engenharia
Eucatex;ON;Bovespa;Ação;ativo;EUCA3;Madeira e Papel
Eucatex;PN;Bovespa;Ação;ativo;EUCA4;Madeira e Papel
Eurofarma SA;ON;Bovespa;Ação;ativo;EUFA3;Medicamentos e Outros Produtos
Even;ON;Bovespa;Ação;ativo;EVEN3;Construção Civil
Excelsior;ON;Bovespa;Ação;ativo;BAUH3;Alimentos Processados
Excelsior;PN;Bovespa;Ação;ativo;BAUH4;Alimentos Processados
Eztec;ON;Bovespa;Ação;ativo;EZTC3;Construção Civil
Fer Heringer;ON;Bovespa;Ação;ativo;FHER3;Químicos
Ferbasa;ON;Bovespa;Ação;ativo;FESA3;Siderurgia e Metalurgia
Ferbasa;PN;Bovespa;Ação;ativo;FESA4;Siderurgia e Metalurgia
Fica;ON;Bovespa;Ação;ativo;FIEI3;Construção Civil
Fleury;ON;Bovespa;Ação;ativo;FLRY3;Serviços Médico - Hospitalares, Análises e Diagnósticos
Fras-Le;ON;Bovespa;Ação;ativo;FRAS3;Material de Transporte
G2d Invest;A;Bovespa;Ação;ativo;G2DI33;Serviços Financeiros Diversos
Gafisa;ON;Bovespa;Ação;ativo;GFSA3;Construção Civil
Gama Part;ON;Bovespa;Ação;ativo;OPGM3;Outros
Generalshopp;ON;Bovespa;Ação;ativo;GSHP3;Exploração de Imóveis
Ger Paranap;ON;Bovespa;Ação;ativo;GEPA3;Energia Elétrica
Ger Paranap;PN;Bovespa;Ação;ativo;GEPA4;Energia Elétrica
Gerdau;ON;Bovespa;Ação;ativo;GGBR3;Siderurgia e Metalurgia
Gerdau;PN;Bovespa;Ação;ativo;GGBR4;Siderurgia e Metalurgia
Gerdau Met;ON;Bovespa;Ação;ativo;GOAU3;Siderurgia e Metalurgia
Gerdau Met;PN;Bovespa;Ação;ativo;GOAU4;Siderurgia e Metalurgia
Getninjas;ON;Bovespa;Ação;ativo;NINJ3;Programas e Serviços
Gol;ON;Bovespa;Ação;ativo;GOLL3;Transporte
Gol;PN;Bovespa;Ação;ativo;GOLL4;Transporte
GP Invest;A;Bovespa;Ação;ativo;GPIV33;Serviços Financeiros Diversos
Gps;ON;Bovespa;Ação;ativo;GGPS3;Serviços Diversos
Grazziotin;ON;Bovespa;Ação;ativo;CGRA3;Comércio Varejista
Grazziotin;PN;Bovespa;Ação;ativo;CGRA4;Comércio Varejista
Grendene;ON;Bovespa;Ação;ativo;GRND3;Tecidos, Vestuário e Calçados
Grupo Mateus;ON;Bovespa;Ação;ativo;GMAT3;Comércio e Distribuição
Grupo Natura;ON;Bovespa;Ação;ativo;NTCO3;Produtos de Cuidado Pessoal e de Limpeza
Grupo Sbf;ON;Bovespa;Ação;ativo;SBFG3;Comércio Varejista
Grupo Soma;ON;Bovespa;Ação;ativo;SOMA3;Comércio Varejista
Guararapes;ON;Bovespa;Ação;ativo;GUAR3;Comércio Varejista
Habitasul;ON;Bovespa;Ação;ativo;HBTS3;Exploração de Imóveis
Habitasul;PNA;Bovespa;Ação;ativo;HBTS5;Exploração de Imóveis
Habitasul;PNB;Bovespa;Ação;ativo;HBTS6;Exploração de Imóveis
Haga S/A;ON;Bovespa;Ação;ativo;HAGA3;Construção e Engenharia
Haga S/A;PN;Bovespa;Ação;ativo;HAGA4;Construção e Engenharia
Hapvida;ON;Bovespa;Ação;ativo;HAPV3;Serviços Médico - Hospitalares, Análises e Diagnósticos
Hbr Realty;ON;Bovespa;Ação;ativo;HBRE3;Exploração de Imóveis
Helbor;ON;Bovespa;Ação;ativo;HBOR3;Construção Civil
Hercules;ON;Bovespa;Ação;ativo;HETA3;Utilidades Domésticas
Hercules;PN;Bovespa;Ação;ativo;HETA4;Utilidades Domésticas
Hidrovias;ON;Bovespa;Ação;ativo;HBSA3;Transporte
Hmobi S/A;ON;Bovespa;Ação;ativo;HMOB3;Transporte
Hoteis Othon;ON;Bovespa;Ação;ativo;HOOT3;Hoteis e Restaurantes
Hoteis Othon;PN;Bovespa;Ação;ativo;HOOT4;Hoteis e Restaurantes
Hypera;ON;Bovespa;Ação;ativo;HYPE3;Comércio e Distribuição
Igua SA;ON;Bovespa;Ação;ativo;IGSN3;Água e Saneamento
Iguatemi SA;ON;Bovespa;Ação;ativo;IGTI3;Exploração de Imóveis
Iguatemi SA;PN;Bovespa;Ação;ativo;IGTI4;Exploração de Imóveis
Iguatemi SA;UNT;Bovespa;Ação;ativo;IGTI11;Exploração de Imóveis
Imc S/A;ON;Bovespa;Ação;ativo;MEAL3;Hoteis e Restaurantes
Ind Cataguas;ON;Bovespa;Ação;ativo;CATA3;Tecidos, Vestuário e Calçados
Ind Cataguas;PN;Bovespa;Ação;ativo;CATA4;Tecidos, Vestuário e Calçados
Inepar;ON;Bovespa;Ação;ativo;INEP3;Máquinas e Equipamentos
Inepar;PN;Bovespa;Ação;ativo;INEP4;Máquinas e Equipamentos
Infracomm;ON;Bovespa;Ação;ativo;IFCM3;Programas e Serviços
Intelbras;ON;Bovespa;Ação;ativo;INTB3;Computadores e Equipamentos
Inter SA;ON;Bovespa;Ação;ativo;INNT3;Construção Civil
Invepar;ON;Bovespa;Ação;ativo;IVPR3B;Transporte
Invepar;PN;Bovespa;Ação;ativo;IVPR4B;Transporte
Invest Bemge;ON;Bovespa;Ação;ativo;FIGE3;Outros
Invest Bemge;PN;Bovespa;Ação;ativo;FIGE4;Outros
Iochp-Maxion;ON;Bovespa;Ação;ativo;MYPK3;Automóveis e Motocicletas
Irani;ON;Bovespa;Ação;ativo;RANI3;Embalagens
Irbbrasil Re;ON;Bovespa;Ação;ativo;IRBR3;Previdência e Seguros
Itausa;ON;Bovespa;Ação;ativo;ITSA3;Intermediários Financeiros
Itausa;PN;Bovespa;Ação;ativo;ITSA4;Intermediários Financeiros
ItauUnibanco;ON;Bovespa;Ação;ativo;ITUB3;Intermediários Financeiros
ItauUnibanco;PN;Bovespa;Ação;ativo;ITUB4;Intermediários Financeiros
Jallesmachad;ON;Bovespa;Ação;ativo;JALL3;Alimentos Processados
JBS;ON;Bovespa;Ação;ativo;JBSS3;Alimentos Processados
JHSF Part;ON;Bovespa;Ação;ativo;JHSF3;Construção Civil
Joao Fortes;ON;Bovespa;Ação;ativo;JFEN3;Construção Civil
Josapar;ON;Bovespa;Ação;ativo;JOPA3;Alimentos Processados
Josapar;PN;Bovespa;Ação;ativo;JOPA4;Alimentos Processados
JSL;ON;Bovespa;Ação;ativo;JSLG3;Transporte
Kallas;ON;Bovespa;Ação;ativo;KLAS3;Construção Civil
Karsten;ON;Bovespa;Ação;ativo;CTKA3;Tecidos, Vestuário e Calçados
Karsten;PN;Bovespa;Ação;ativo;CTKA4;Tecidos, Vestuário e Calçados
Kepler Weber;ON;Bovespa;Ação;ativo;KEPL3;Máquinas e Equipamentos
Klabin S/A;ON;Bovespa;Ação;ativo;KLBN3;Madeira e Papel
Klabin S/A;PN;Bovespa;Ação;ativo;KLBN4;Madeira e Papel
Klabin S/A;UNT N2;Bovespa;Ação;ativo;KLBN11;Madeira e Papel
Kora Saude;ON;Bovespa;Ação;ativo;KRSA3;Serviços Médico - Hospitalares, Análises e Diagnósticos
Lavvi;ON;Bovespa;Ação;ativo;LAVV3;Construção Civil
Le Biscuit;ON;Bovespa;Ação;ativo;LLBI3;Comércio Varejista
Lifemed;ON;Bovespa;Ação;ativo;LMED3;Equipamentos
Light S/A;ON;Bovespa;Ação;ativo;LIGT3;Energia Elétrica
Litel;ON;Bovespa;Ação;ativo;LTEL3B;Mineração
Litela;ON;Bovespa;Ação;ativo;LTLA3B;Mineração
Localiza;ON;Bovespa;Ação;ativo;RENT3;Diversos
Locaweb;ON;Bovespa;Ação;ativo;LWSA3;Programas e Serviços
Log Com Prop;ON;Bovespa;Ação;ativo;LOGG3;Exploração de Imóveis
Log-In;ON;Bovespa;Ação;ativo;LOGN3;Transporte
Lojas Marisa;ON;Bovespa;Ação;ativo;AMAR3;Comércio Varejista
Lojas Renner;ON;Bovespa;Ação;ativo;LREN3;Comércio Varejista
Lopes Brasil;ON;Bovespa;Ação;ativo;LPSB3;Exploração de Imóveis
Lupatech;ON;Bovespa;Ação;ativo;LUPA3;Petróleo, Gás e Biocombustíveis
M.Diasbranco;ON;Bovespa;Ação;ativo;MDIA3;Alimentos Processados
Maestroloc;ON;Bovespa;Ação;ativo;MSRO3;Diversos
Magaz Luiza;ON;Bovespa;Ação;ativo;MGLU3;Comércio Varejista
Mangels Indl;ON;Bovespa;Ação;ativo;MGEL3;Siderurgia e Metalurgia
Mangels Indl;PN;Bovespa;Ação;ativo;MGEL4;Siderurgia e Metalurgia
Marcopolo;ON;Bovespa;Ação;ativo;POMO3;Material de Transporte
Marcopolo;PN;Bovespa;Ação;ativo;POMO4;Material de Transporte
Marfrig;ON;Bovespa;Ação;ativo;MRFG3;Alimentos Processados
Mater Dei;ON;Bovespa;Ação;ativo;MATD3;Serviços Médico - Hospitalares, Análises e Diagnósticos
Melhor SP;ON;Bovespa;Ação;ativo;MSPA3;Madeira e Papel
Melhor SP;PN;Bovespa;Ação;ativo;MSPA4;Madeira e Papel
Meliuz;ON;Bovespa;Ação;ativo;CASH3;Programas e Serviços
Melnick;ON;Bovespa;Ação;ativo;MELK3;Construção Civil
Menezes Cort;ON;Bovespa;Ação;ativo;MNZC3;Exploração de Imóveis
Merc Financ;ON;Bovespa;Ação;ativo;MERC3;Intermediários Financeiros
Merc Financ;PN;Bovespa;Ação;ativo;MERC4;Intermediários Financeiros
Merc Invest;ON;Bovespa;Ação;ativo;BMIN3;Intermediários Financeiros
Merc Invest;PN;Bovespa;Ação;ativo;BMIN4;Intermediários Financeiros
Mercantil;ON;Bovespa;Ação;ativo;BMEB3;Intermediários Financeiros
Mercantil;PN;Bovespa;Ação;ativo;BMEB4;Intermediários Financeiros
Metal Leve;ON;Bovespa;Ação;ativo;LEVE3;Automóveis e Motocicletas
Metalfrio;ON;Bovespa;Ação;ativo;FRIO3;Máquinas e Equipamentos
Metisa;ON;Bovespa;Ação;ativo;MTSA3;Máquinas e Equipamentos
Metisa;PN;Bovespa;Ação;ativo;MTSA4;Máquinas e Equipamentos
Mills;ON;Bovespa;Ação;ativo;MILS3;Máquinas e Equipamentos
Minasmaquina;ON;Bovespa;Ação;ativo;MMAQ3;Comércio
Minasmaquina;PN;Bovespa;Ação;ativo;MMAQ4;Comércio
Minerva;ON;Bovespa;Ação;ativo;BEEF3;Alimentos Processados
Minupar;ON;Bovespa;Ação;ativo;MNPR3;Alimentos Processados
Mitre Realty;ON;Bovespa;Ação;ativo;MTRE3;Construção Civil
Mobly;ON;Bovespa;Ação;ativo;MBLY3;Programas e Serviços
Mont Aranha;ON;Bovespa;Ação;ativo;MOAR3;Holdings Diversificadas
Moura Dubeux;ON;Bovespa;Ação;ativo;MDNE3;Construção Civil
Movida;ON;Bovespa;Ação;ativo;MOVI3;Diversos
Mrs Logist;ON;Bovespa;Ação;ativo;MRSA3B;Transporte
Mrs Logist;PNA;Bovespa;Ação;ativo;MRSA5B;Transporte
Mrs Logist;PNB;Bovespa;Ação;ativo;MRSA6B;Transporte
MRV;ON;Bovespa;Ação;ativo;MRVE3;Construção Civil
Multilaser;ON;Bovespa;Ação;ativo;MLAS3;Computadores e Equipamentos
Multiplan;ON;Bovespa;Ação;ativo;MULT3;Exploração de Imóveis
Mundial;ON;Bovespa;Ação;ativo;MNDL3;Tecidos, Vestuário e Calçados
Neoenergia;ON;Bovespa;Ação;ativo;NEOE3;Energia Elétrica
Neogrid;ON;Bovespa;Ação;ativo;NGRD3;Programas e Serviços
Nexpe;ON;Bovespa;Ação;ativo;NEXP3;Exploração de Imóveis
Nord Brasil;ON;Bovespa;Ação;ativo;BNBR3;Intermediários Financeiros
Nordon Met;ON;Bovespa;Ação;ativo;NORD3;Máquinas e Equipamentos
Nortcquimica;ON;Bovespa;Ação;ativo;NRTQ3;Medicamentos e Outros Produtos
Nu Holdings Ltd;ON;Bovespa;Ação;ativo;ROXO34;Intermediários Financeiros
Nutriplant;ON;Bovespa;Ação;ativo;NUTR3;Químicos
Oceanpact;ON;Bovespa;Ação;ativo;OPCT3;Petróleo, Gás e Biocombustíveis
Oderich;ON;Bovespa;Ação;ativo;ODER3;Alimentos Processados
Oderich;PN;Bovespa;Ação;ativo;ODER4;Alimentos Processados
Odontoprev;ON;Bovespa;Ação;ativo;ODPV3;Serviços Médico - Hospitalares, Análises e Diagnósticos
Oi;ON;Bovespa;Ação;ativo;OIBR3;Telecomunicações
Oi;PN;Bovespa;Ação;ativo;OIBR4;Telecomunicações
Oncoclinicas;ON;Bovespa;Ação;ativo;ONCO3;Serviços Médico - Hospitalares, Análises e Diagnósticos
Orizon;ON;Bovespa;Ação;ativo;ORVR3;Água e Saneamento
OSX Brasil;ON;Bovespa;Ação;ativo;OSXB3;Petróleo, Gás e Biocombustíveis
Ourofino S/A;ON;Bovespa;Ação;ativo;OFSA3;Medicamentos e Outros Produtos
P.Acucar-Cbd;ON;Bovespa;Ação;ativo;PCAR3;Comércio e Distribuição
Padtec;ON;Bovespa;Ação;ativo;PDTC3;Programas e Serviços
Pague Menos;ON;Bovespa;Ação;ativo;PGMN3;Comércio e Distribuição
Panatlantica;ON;Bovespa;Ação;ativo;PATI3;Siderurgia e Metalurgia
Panatlantica;PN;Bovespa;Ação;ativo;PATI4;Siderurgia e Metalurgia
Par Al Bahia;ON;Bovespa;Ação;ativo;PEAB3;Holdings Diversificadas
Par Al Bahia;PN;Bovespa;Ação;ativo;PEAB4;Holdings Diversificadas
Paranapanema;ON;Bovespa;Ação;ativo;PMAM3;Siderurgia e Metalurgia
PDG Realt;ON;Bovespa;Ação;ativo;PDGR3;Construção Civil
Pet Manguinh;ON;Bovespa;Ação;ativo;RPMG3;Petróleo, Gás e Biocombustíveis
Petrobras;ON;Bovespa;Ação;ativo;PETR3;Petróleo, Gás e Biocombustíveis
Petrobras;PN;Bovespa;Ação;ativo;PETR4;Petróleo, Gás e Biocombustíveis
Petrorecsa;ON;Bovespa;Ação;ativo;RECV3;Petróleo, Gás e Biocombustíveis
Petrorio;ON;Bovespa;Ação;ativo;PRIO3;Petróleo, Gás e Biocombustíveis
Pettenati;ON;Bovespa;Ação;ativo;PTNT3;Tecidos, Vestuário e Calçados
Pettenati;PN;Bovespa;Ação;ativo;PTNT4;Tecidos, Vestuário e Calçados
Petz;ON;Bovespa;Ação;ativo;PETZ3;Comércio Varejista
Pine;ON;Bovespa;Ação;ativo;PINE3;Intermediários Financeiros
Pine;PN;Bovespa;Ação;ativo;PINE4;Intermediários Financeiros
Planoeplano;ON;Bovespa;Ação;ativo;PLPL3;Construção Civil
Plascar Part;ON;Bovespa;Ação;ativo;PLAS3;Automóveis e Motocicletas
Polpar;ON;Bovespa;Ação;ativo;PPAR3;Outros
Pomifrutas;ON;Bovespa;Ação;ativo;FRTA3;Agropecuária
Porto Seguro;ON;Bovespa;Ação;ativo;PSSA3;Previdência e Seguros
Portobello;ON;Bovespa;Ação;ativo;PTBL3;Construção e Engenharia
Positivo Tec;ON;Bovespa;Ação;ativo;POSI3;Computadores e Equipamentos
Ppla;UNT;Bovespa;Ação;ativo;PPLA11;Serviços Financeiros Diversos
Pratica;ON;Bovespa;Ação;ativo;PTCA3;Máquinas e Equipamentos
Pratica;PN Resg;Bovespa;Ação;ativo;PTCA11;Máquinas e Equipamentos
Priner;ON;Bovespa;Ação;ativo;PRNR3;Serviços Diversos
Profarma;ON;Bovespa;Ação;ativo;PFRM3;Comércio e Distribuição
Prompt Part;ON;Bovespa;Ação;ativo;PRPT3;Outros
Qualicorp;ON;Bovespa;Ação;ativo;QUAL3;Serviços Médico - Hospitalares, Análises e Diagnósticos
Quality Soft;ON;Bovespa;Ação;ativo;QUSW3;Programas e Serviços
Quero-Quero;ON;Bovespa;Ação;ativo;LJQQ3;Comércio Varejista
RaiaDrogasil;ON;Bovespa;Ação;ativo;RADL3;Comércio e Distribuição
Raizen;PN;Bovespa;Ação;ativo;RAIZ4;Agropecuária
Randon Part;ON;Bovespa;Ação;ativo;RAPT3;Material de Transporte
Randon Part;PN;Bovespa;Ação;ativo;RAPT4;Material de Transporte
Recrusul;ON;Bovespa;Ação;ativo;RCSL3;Material de Transporte
Recrusul;PN;Bovespa;Ação;ativo;RCSL4;Material de Transporte
Rede D Or;ON;Bovespa;Ação;ativo;RDOR3;Serviços Médico - Hospitalares, Análises e Diagnósticos
Rede Energia;ON;Bovespa;Ação;ativo;REDE3;Energia Elétrica
Renova;ON;Bovespa;Ação;ativo;RNEW3;Energia Elétrica
Renova;PN;Bovespa;Ação;ativo;RNEW4;Energia Elétrica
Renova;UNT N2;Bovespa;Ação;ativo;RNEW11;Energia Elétrica
Riosulense;ON;Bovespa;Ação;ativo;RSUL3;Material de Transporte
Riosulense;PN;Bovespa;Ação;ativo;RSUL4;Material de Transporte
Rni;ON;Bovespa;Ação;ativo;RDNI3;Construção Civil
Rodobens;UNT;Bovespa;Ação;ativo;RBNS11;Comércio
Romi;ON;Bovespa;Ação;ativo;ROMI3;Máquinas e Equipamentos
Rossi Resid;ON;Bovespa;Ação;ativo;RSID3;Construção Civil
Rumo S.A.;ON;Bovespa;Ação;ativo;RAIL3;Transporte
Sabesp;ON;Bovespa;Ação;ativo;SBSP3;Água e Saneamento
Safira Energ;ON;Bovespa;Ação;ativo;SAEN3;Energia Elétrica
Sanepar;ON;Bovespa;Ação;ativo;SAPR3;Água e Saneamento
Sanepar;PN;Bovespa;Ação;ativo;SAPR4;Água e Saneamento
Sanepar;UNT N2;Bovespa;Ação;ativo;SAPR11;Água e Saneamento
Sansuy;ON;Bovespa;Ação;ativo;SNSY3;Materiais Diversos
Sansuy;PNA;Bovespa;Ação;ativo;SNSY5;Materiais Diversos
Sansuy;PNB;Bovespa;Ação;ativo;SNSY6;Materiais Diversos
Santander BR;ON;Bovespa;Ação;ativo;SANB3;Intermediários Financeiros
Santander BR;PN;Bovespa;Ação;ativo;SANB4;Intermediários Financeiros
Santander BR;UNT;Bovespa;Ação;ativo;SANB11;Intermediários Financeiros
Santanense;ON;Bovespa;Ação;ativo;CTSA3;Tecidos, Vestuário e Calçados
Santanense;PN;Bovespa;Ação;ativo;CTSA4;Tecidos, Vestuário e Calçados
Santos Brp;ON;Bovespa;Ação;ativo;STBP3;Transporte
Sao Carlos;ON;Bovespa;Ação;ativo;SCAR3;Exploração de Imóveis
Sao Martinho;ON;Bovespa;Ação;ativo;SMTO3;Alimentos Processados
Saraiva Livr;ON;Bovespa;Ação;ativo;SLED3;Comércio Varejista
Saraiva Livr;PN;Bovespa;Ação;ativo;SLED4;Comércio Varejista
Schulz;ON;Bovespa;Ação;ativo;SHUL3;Máquinas e Equipamentos
Schulz;PN;Bovespa;Ação;ativo;SHUL4;Máquinas e Equipamentos
Seg Al Bahia;ON;Bovespa;Ação;ativo;CSAB3;Previdência e Seguros
Seg Al Bahia;PN;Bovespa;Ação;ativo;CSAB4;Previdência e Seguros
Sequoia Log;ON;Bovespa;Ação;ativo;SEQL3;Serviços Diversos
Ser Educa;ON;Bovespa;Ação;ativo;SEER3;Diversos
Serena;ON;Bovespa;Ação;ativo;SRNA3;Energia Elétrica
Sid Nacional;ON;Bovespa;Ação;ativo;CSNA3;Siderurgia e Metalurgia
Simpar;ON;Bovespa;Ação;ativo;SIMH3;Holdings Diversificadas
Sinqia;ON;Bovespa;Ação;ativo;SQIA3;Programas e Serviços
SLC Agricola;ON;Bovespa;Ação;ativo;SLCE3;Agropecuária
Smart Fit;ON;Bovespa;Ação;ativo;SMFT3;Viagens e Lazer
Sondotecnica;ON;Bovespa;Ação;ativo;SOND3;Construção e Engenharia
Sondotecnica;PNA;Bovespa;Ação;ativo;SOND5;Construção e Engenharia
Sondotecnica;PNB;Bovespa;Ação;ativo;SOND6;Construção e Engenharia
Springs;ON;Bovespa;Ação;ativo;SGPS3;Tecidos, Vestuário e Calçados
SPturis;ON;Bovespa;Ação;ativo;AHEB3;Viagens e Lazer
SPturis;PNA;Bovespa;Ação;ativo;AHEB5;Viagens e Lazer
SPturis;PNB;Bovespa;Ação;ativo;AHEB6;Viagens e Lazer
Sudeste S/A;ON;Bovespa;Ação;ativo;OPSE3;Outros
Sul 116 Part;ON;Bovespa;Ação;ativo;OPTS3;Outros
Suzano Hold;ON;Bovespa;Ação;ativo;NEMO3;Madeira e Papel
Suzano Hold;PNA;Bovespa;Ação;ativo;NEMO5;Madeira e Papel
Suzano Hold;PNB;Bovespa;Ação;ativo;NEMO6;Madeira e Papel
Suzano S.A.;ON;Bovespa;Ação;ativo;SUZB3;Madeira e Papel
Syn Prop Tec;ON;Bovespa;Ação;ativo;SYNE3;Exploração de Imóveis
Taesa;ON;Bovespa;Ação;ativo;TAEE3;Energia Elétrica
Taesa;PN;Bovespa;Ação;ativo;TAEE4;Energia Elétrica
Taesa;UNT N2;Bovespa;Ação;ativo;TAEE11;Energia Elétrica
Taurus Armas;ON;Bovespa;Ação;ativo;TASA3;Máquinas e Equipamentos
Taurus Armas;PN;Bovespa;Ação;ativo;TASA4;Máquinas e Equipamentos
TC;ON;Bovespa;Ação;ativo;TRAD3;Programas e Serviços
Technos;ON;Bovespa;Ação;ativo;TECN3;Tecidos, Vestuário e Calçados
Tecnisa;ON;Bovespa;Ação;ativo;TCSA3;Construção Civil
Tegma;ON;Bovespa;Ação;ativo;TGMA3;Transporte
Tegra Incorp;ON;Bovespa;Ação;ativo;TEGA3;Construção Civil
Teka;ON;Bovespa;Ação;ativo;TEKA3;Tecidos, Vestuário e Calçados
Teka;PN;Bovespa;Ação;ativo;TEKA4;Tecidos, Vestuário e Calçados
Tekno;ON;Bovespa;Ação;ativo;TKNO3;Siderurgia e Metalurgia
Tekno;PN;Bovespa;Ação;ativo;TKNO4;Siderurgia e Metalurgia
Telebras;ON;Bovespa;Ação;ativo;TELB3;Telecomunicações
Telebras;PN;Bovespa;Ação;ativo;TELB4;Telecomunicações
Telef Brasil;ON;Bovespa;Ação;ativo;VIVT3;Telecomunicações
Tenda;ON;Bovespa;Ação;ativo;TEND3;Construção Civil
Terrasantapa;ON;Bovespa;Ação;ativo;LAND3;Agropecuária
Tex Renaux;ON;Bovespa;Ação;ativo;TXRX3;Tecidos, Vestuário e Calçados
Tex Renaux;PN;Bovespa;Ação;ativo;TXRX4;Tecidos, Vestuário e Calçados
Tim;ON;Bovespa;Ação;ativo;TIMS3;Telecomunicações
Time For Fun;ON;Bovespa;Ação;ativo;SHOW3;Viagens e Lazer
Totvs;ON;Bovespa;Ação;ativo;TOTS3;Programas e Serviços
Track Field;PN;Bovespa;Ação;ativo;TFCO4;Tecidos, Vestuário e Calçados
Tran Paulist;ON;Bovespa;Ação;ativo;TRPL3;Energia Elétrica
Tran Paulist;PN;Bovespa;Ação;ativo;TRPL4;Energia Elétrica
Trevisa;ON;Bovespa;Ação;ativo;LUXM3;Transporte
Trevisa;PN;Bovespa;Ação;ativo;LUXM4;Transporte
Trisul;ON;Bovespa;Ação;ativo;TRIS3;Construção Civil
Triunfo Part;ON;Bovespa;Ação;ativo;TPIS3;Transporte
Tupy;ON;Bovespa;Ação;ativo;TUPY3;Material de Transporte
Ultrapar;ON;Bovespa;Ação;ativo;UGPA3;Petróleo, Gás e Biocombustíveis
Unicasa;ON;Bovespa;Ação;ativo;UCAS3;Utilidades Domésticas
Unifique;ON;Bovespa;Ação;ativo;FIQE3;Telecomunicações
Unipar;ON;Bovespa;Ação;ativo;UNIP3;Químicos
Unipar;PNA;Bovespa;Ação;ativo;UNIP5;Químicos
Unipar;PNB;Bovespa;Ação;ativo;UNIP6;Químicos
Uptick;ON;Bovespa;Ação;ativo;UPKP3;Energia Elétrica
Usiminas;ON;Bovespa;Ação;ativo;USIM3;Siderurgia e Metalurgia
Usiminas;PNA;Bovespa;Ação;ativo;USIM5;Siderurgia e Metalurgia
Usiminas;PNB;Bovespa;Ação;ativo;USIM6;Siderurgia e Metalurgia
Vale;ON;Bovespa;Ação;ativo;VALE3;Mineração
Valid;ON;Bovespa;Ação;ativo;VLID3;Serviços Diversos
Vamos;ON;Bovespa;Ação;ativo;VAMO3;Diversos
Veste;ON;Bovespa;Ação;ativo;VSTE3;Comércio Varejista
Vibra;ON;Bovespa;Ação;ativo;VBBR3;Petróleo, Gás e Biocombustíveis
Vittia;ON;Bovespa;Ação;ativo;VITT3;Químicos
Vivara S.A.;ON;Bovespa;Ação;ativo;VIVA3;Tecidos, Vestuário e Calçados
Viveo;ON;Bovespa;Ação;ativo;VVEO3;Comércio e Distribuição
Viver;ON;Bovespa;Ação;ativo;VIVR3;Construção Civil
Vulcabras;ON;Bovespa;Ação;ativo;VULC3;Tecidos, Vestuário e Calçados
Wdc Networks;ON;Bovespa;Ação;ativo;LVTC3;Programas e Serviços
Weg;ON;Bovespa;Ação;ativo;WEGE3;Máquinas e Equipamentos
Westwing;ON;Bovespa;Ação;ativo;WEST3;Programas e Serviços
Wetzel S/A;ON;Bovespa;Ação;ativo;MWET3;Material de Transporte
Wetzel S/A;PN;Bovespa;Ação;ativo;MWET4;Material de Transporte
Whirlpool;ON;Bovespa;Ação;ativo;WHRL3;Utilidades Domésticas
Whirlpool;PN;Bovespa;Ação;ativo;WHRL4;Utilidades Domésticas
Wilson Sons;ON;Bovespa;Ação;ativo;PORT3;Transporte
Wiz Co;ON;Bovespa;Ação;ativo;WIZC3;Previdência e Seguros
Wlm Ind Com;ON;Bovespa;Ação;ativo;WLMM3;Comércio
Wlm Ind Com;PN;Bovespa;Ação;ativo;WLMM4;Comércio
Ybyra S/A;ON;Bovespa;Ação;ativo;YBRA3;Outros
Yduqs Part;ON;Bovespa;Ação;ativo;YDUQ3;Diversos
Zamp S.A.;ON;Bovespa;Ação;ativo;ZAMP3;Hoteis e Restaurantes
